name,headline,link
青山瑠妙,早稲田大学大学院アジア太平洋研究科　教授,/topics/topic_expert_EVP01001
赤川省吾,日本経済新聞社　欧州総局編集委員,/topics/topic_expert_EVP01069
秋田浩之,日本経済新聞社　本社コメンテーター,/topics/topic_expert_EVP01002
浅川直輝,日経BP　「日経コンピュータ」編集長,/topics/topic_expert_EVP01088
天野彬,電通 電通メディアイノベーションラボ　主任研究員,/topics/topic_expert_EVP01074
新井紀子,国立情報学研究所　社会共有知研究センター　センター長・教授,/topics/topic_expert_EVP01089
池内恵,東京大学先端科学技術研究センター　教授,/topics/topic_expert_EVP01046
池上彰,ジャーナリスト・東京工業大学特命教授,/topics/topic_expert_EVP01003
伊佐山元,WiL　共同創業者兼CEO,/topics/topic_expert_EVP01078
石川温,スマホジャーナリスト,/topics/topic_expert_EVP01047
石倉洋子,一橋大学　名誉教授,/topics/topic_expert_EVP01091
石塚由紀夫,日本経済新聞社　編集委員,/topics/topic_expert_EVP01004
磯田道史,国際日本文化研究センター　教授,/topics/topic_expert_EVP01080
井戸美枝,ファイナンシャルプランナー（CFP）/社会保険労務士,/topics/topic_expert_EVP01090
伊藤さゆり,ニッセイ基礎研究所　経済研究部　研究理事,/topics/topic_expert_EVP01048
今村卓,丸紅　執行役員　経済研究所長,/topics/topic_expert_EVP01049
岩間陽子,政策研究大学院大学 政策研究科　教授,/topics/topic_expert_EVP01050
上杉素直,本社コメンテーター・論説委員,/topics/topic_expert_EVP01005
蛯原健,リブライトパートナーズ　代表パートナー,/topics/topic_expert_EVP01075
大岩佐和子,日本経済新聞社　編集委員,/topics/topic_expert_EVP01006
大槻奈那,マネックス証券　専門役員チーフアナリスト,/topics/topic_expert_EVP01007
大湾秀雄,早稲田大学　教授,/topics/topic_expert_EVP01051
小黒一正,法政大学経済学部　教授,/topics/topic_expert_EVP01052
風早隆弘,クレディ・スイス証券　株式調査部　株式調査共同統括部長,/topics/topic_expert_EVP01081
梶原誠,日本経済新聞社　本社コメンテーター,/topics/topic_expert_EVP01009
北川和徳,日本経済新聞社　編集委員,/topics/topic_expert_EVP01070
木村恭子,日本経済新聞社　編集委員,/topics/topic_expert_EVP01010
楠木建,一橋大学　教授,/topics/topic_expert_EVP01082
楠正憲,Japan Digital Design Chief Technology Officer,/topics/topic_expert_EVP01084
黒田忠広,東京大学大学院工学系研究科　教授,/topics/topic_expert_EVP01076
小泉文明,メルカリ会長/鹿島アントラーズ・エフ・シー代表取締役,/topics/topic_expert_EVP01092
越野結花,国際問題戦略研究所(IISS) リサーチ・フェロー,/topics/topic_expert_EVP01011
小島武仁,東京大学 大学院経済学研究科教授・マーケットデザインセンター所長,/topics/topic_expert_EVP01012
小平龍四郎,論説委員・編集委員,/topics/topic_expert_EVP01013
小山堅,日本エネルギー経済研究所　専務理事 首席研究員,/topics/topic_expert_EVP01053
坂田亮太郎,日経BP　「日経バイオテク」編集長,/topics/topic_expert_EVP01087
志田富雄,日本経済新聞社　編集委員,/topics/topic_expert_EVP01014
慎泰俊,五常・アンド・カンパニー株式会社　代表取締役,/topics/topic_expert_EVP01015
杉本貴司,編集委員・論説委員,/topics/topic_expert_EVP01072
菅野幹雄,日本経済新聞社　ワシントン支局長・本社コメンテーター,/topics/topic_expert_EVP01016
鈴木一人,東京大学　公共政策大学院 教授,/topics/topic_expert_EVP01017
鈴木亘,学習院大学経済学部　教授,/topics/topic_expert_EVP01054
高井宏章,日本経済新聞社　編集委員,/topics/topic_expert_EVP01018
高岡浩三,ケイアンドカンパニー　代表取締役,/topics/topic_expert_EVP01055
高田明,ジャパネットたかた　創業者,/topics/topic_expert_EVP01019
高橋祥子,ジーンクエスト　代表取締役,/topics/topic_expert_EVP01056
高村ゆかり,東京大学未来ビジョン研究センター　教授,/topics/topic_expert_EVP01057
滝田洋一,日本経済新聞社　編集委員,/topics/topic_expert_EVP01020
詫摩佳代,東京都立大学　法学部教授,/topics/topic_expert_EVP01021
竹内薫,サイエンスライター,/topics/topic_expert_EVP01058
竹内純子,国際環境経済研究所　理事・主席研究員,/topics/topic_expert_EVP01022
竹川美奈子,"ファイナンシャル・ジャーナリスト、LIFE MAP,LLC代表",/topics/topic_expert_EVP01059
武田佳奈,野村総合研究所未来創発センター　上級コンサルタント,/topics/topic_expert_EVP01060
竹中治堅,政策研究大学院大学　教授,/topics/topic_expert_EVP01061
田中暁人,編集委員・論説委員（シンガポール駐在）,/topics/topic_expert_EVP01023
田中良和,グリー　代表取締役会長兼社長,/topics/topic_expert_EVP01095
為末大,元陸上選手/Deportare Partners代表,/topics/topic_expert_EVP01062
津川友介,米カリフォルニア大学ロサンゼルス校（UCLA）　助教授・医師,/topics/topic_expert_EVP01085
中空麻奈,BNPパリバ証券　グローバルマーケット統括本部 副会長,/topics/topic_expert_EVP01026
中竹竜二,チームボックス代表取締役/元早稲田大学ラグビー部監督,/topics/topic_expert_EVP01086
中西孝樹,ナカニシ自動車産業リサーチ　代表アナリスト,/topics/topic_expert_EVP01063
永浜利広,第一生命経済研究所　首席エコノミスト,/topics/topic_expert_EVP01027
中林美恵子,早稲田大学　社会科学部教授,/topics/topic_expert_EVP01028
中満泉,国際連合　事務次長・軍縮担当上級代表,/topics/topic_expert_EVP01029
中村直文,日本経済新聞社　編集委員・論説委員,/topics/topic_expert_EVP01030
中村奈都子,日本経済新聞社　編集委員,/topics/topic_expert_EVP01071
中室牧子,慶応義塾大学　総合政策学部教授,/topics/topic_expert_EVP01031
中山淳史,日本経済新聞社　本社コメンテーター,/topics/topic_expert_EVP01067
野崎浩成,東洋大学　国際学部教授,/topics/topic_expert_EVP01032
花村遼,アーサー・ディ・リトル・ジャパン　パートナー,/topics/topic_expert_EVP01079
平井一夫,ソニーグループ　シニアアドバイザー,/topics/topic_expert_EVP01033
深尾三四郎,伊藤忠総研　上席主任研究員,/topics/topic_expert_EVP01064
福井健策,骨董通り法律事務所 代表パートナー/弁護士,/topics/topic_expert_EVP01034
藤井保文,ビービット　執行役員CCO 兼 東アジア営業責任者,/topics/topic_expert_EVP01065
藤野英人,レオス・キャピタルワークス　会長兼社長・最高投資責任者,/topics/topic_expert_EVP01035
星野佳路,星野リゾート 代表,/topics/topic_expert_EVP01036
細谷雄一,慶應義塾大学法学部　教授,/topics/topic_expert_EVP01037
松尾博文,日本経済新聞社　編集委員・論説委員,/topics/topic_expert_EVP01068
松本裕子,日本経済新聞社　ESGエディター,/topics/topic_expert_EVP01073
南川明,インフォーマインテリジェンス　シニアコンサルティングディレクタ,/topics/topic_expert_EVP01077
峯岸博,日本経済新聞社　編集委員・論説委員,/topics/topic_expert_EVP01038
村上臣,リンクトイン日本代表,/topics/topic_expert_EVP01039
村山恵一,日本経済新聞社　本社コメンテーター,/topics/topic_expert_EVP01040
室橋祐貴,日本若者協議会　代表理事,/topics/topic_expert_EVP01083
安川新一郎,グレートジャーニー合同会社　代表,/topics/topic_expert_EVP01094
矢野寿彦,日本経済新聞社　編集委員・論説委員,/topics/topic_expert_EVP01041
山崎俊彦,東京大学　大学院情報理工学系研究科 准教授,/topics/topic_expert_EVP01042
山本由里,日本経済新聞社　マネー・エディター,/topics/topic_expert_EVP01044
チャールズ・レイク,アフラック生命保険　代表取締役会長,/topics/topic_expert_EVP01066
渡部恒雄,笹川平和財団　上席研究員,/topics/topic_expert_EVP01093
奥平和行,【エキスパート歴】2020年12月～2021年5月,/topics/topic_expert_EVP01008
土屋大洋,【エキスパート歴】2020年12月～2021年3月,/topics/topic_expert_EVP01024
出口治明,【エキスパート歴】2020年12月～2021年2月,/topics/topic_expert_EVP01025
山本康正,【エキスパート歴】2020年12月～2021年3月,/topics/topic_expert_EVP01043
渡辺園子,【エキスパート歴】2020年12月～2021年3月,/topics/topic_expert_EVP01045
